name,complexity
id_10,2
id_12,2
id_14_42,2
id_15_20_39_71_73_76_83_96_100_101_103_108_110_114,3
id_17,2
id_18_28_45_48_51_57_60_70_72_79_81_89_91_92_94_95_97_99_102_105_113_117_118_119_122_125_131_132_137_139_150_v1,3
id_18_28_45_48_51_57_60_70_72_79_81_89_91_92_94_95_97_99_102_105_113_117_118_119_122_125_131_132_137_139_150_v2,3
id_23_29,2
id_53_55_64_86,2
id_54_58_74_104_107_128_v1,2
id_54_58_74_104_107_128_v2,2
id_54_58_74_104_107_128_v3,2
id_59_87,2
id_61_63_77_142,2
id_65_127_141,1
id_68,2
id_85,2
id_88,2
id_90,2
id_116_151,2
id_133,2
id_143,2
id_152,2
id_157,3
id_158,2
id_163,1
Invisible Institue Report,3
investigations_redacted,3
UIUC PD Use of Force,2
DecertifiedOfficersRev_9622 Emilie Munson,1
Active_Certifications,2
Active_Employment,1
Archived_Certifications,1
RptEmpRstrDetail Active,1